intercept,  0.264088
    1a_Ag, -0.003688
    1a_Au,  0.000000
    1a_Cu, -0.007202
    1a_Pd, -0.001940
    1a_Pt,  0.017828
    2a_Ag,  0.010373
    2a_Au,  0.000000
    2a_Cu,  0.015458
    2a_Pd, -0.021293
    2a_Pt, -0.055401
    3b_Ag,  0.004054
    3b_Au,  0.000000
    3b_Cu,  0.001473
    3b_Pd, -0.002411
    3b_Pt, -0.016873