intercept,  0.267212
    1a_Ag,  0.000000
    1a_Au, -0.002541
    1a_Cu, -0.004632
    1a_Pd,  0.003907
    1a_Pt,  0.002787
    2a_Ag,  0.000000
    2a_Au, -0.004971
    2a_Cu,  0.001641
    2a_Pd, -0.003238
    2a_Pt, -0.023670
    3b_Ag,  0.000000
    3b_Au,  0.002505
    3b_Cu,  0.010665
    3b_Pd, -0.000611
    3b_Pt, -0.012555