intercept, -0.178688
    1a_Ag, -0.009221
    1a_Au,  0.023524
    1a_Cu,  0.000000
    1a_Pd, -0.000893
    1a_Pt,  0.042435
    2a_Ag, -0.002712
    2a_Au, -0.023459
    2a_Cu,  0.000000
    2a_Pd, -0.026227
    2a_Pt, -0.040737
    3b_Ag, -0.010030
    3b_Au, -0.005549
    3b_Cu,  0.000000
    3b_Pd, -0.017173
    3b_Pt, -0.024061