intercept, -0.905649
    1a_Ag, -0.017753
    1a_Au,  0.039071
    1a_Cu,  0.004180
    1a_Pd,  0.000000
    1a_Pt,  0.035136
    2a_Ag,  0.042046
    2a_Au, -0.000734
    2a_Cu,  0.065467
    2a_Pd,  0.000000
    2a_Pt, -0.025888
    3b_Ag,  0.013743
    3b_Au,  0.006042
    3b_Cu,  0.020216
    3b_Pd,  0.000000
    3b_Pt,  0.004754