intercept, -1.156755
    1a_Ag, -0.057492
    1a_Au, -0.011600
    1a_Cu, -0.049614
    1a_Pd, -0.048803
    1a_Pt,  0.000000
    2a_Ag,  0.115705
    2a_Au,  0.042882
    2a_Cu,  0.145516
    2a_Pd,  0.045486
    2a_Pt,  0.000000
    3b_Ag, -0.009697
    3b_Au, -0.004338
    3b_Cu,  0.025422
    3b_Pd, -0.008680
    3b_Pt,  0.000000